{
  "project_info": {
    "project_number": "466846467904",
    "firebase_url": "https://hackathonchatbot1d1.firebaseio.com",
    "project_id": "hackathonchatbot1d1",
    "storage_bucket": "hackathonchatbot1d1.appspot.com"
  },
  "client": [
    {
      "client_info": {
        "mobilesdk_app_id": "1:466846467904:android:09a58cbc1e4fc571801ca5",
        "android_client_info": {
          "package_name": "com.example.hackathonchatbot1_d1"
        }
      },
      "oauth_client": [
        {
          "client_id": "466846467904-rd6homupgb3f4408utaig1gajgpkpn2j.apps.googleusercontent.com",
          "client_type": 1,
          "android_info": {
            "package_name": "com.example.hackathonchatbot1_d1",
            "certificate_hash": "5df938374b81a922b789da055c8e24a683d98c5f"
          }
        },
        {
          "client_id": "466846467904-vp0r2pe8dlgb98hrp9iclvg70kdqlvid.apps.googleusercontent.com",
          "client_type": 3
        }
      ],
      "api_key": [
        {
          "current_key": "AIzaSyC_Y3-o-ZFSqy_4duhlEUgFDazkM0DKMUY"
        }
      ],
      "services": {
        "appinvite_service": {
          "other_platform_oauth_client": [
            {
              "client_id": "466846467904-vp0r2pe8dlgb98hrp9iclvg70kdqlvid.apps.googleusercontent.com",
              "client_type": 3
            }
          ]
        }
      }
    }
  ],
  "configuration_version": "1"
}